City_ID,City,Lat,Lng,Max Temp,Humidity,Cloudiness,Wind Speed,Country,Date
0,qaqortoq,60.7167,-46.0333,280.98,75,86,2.0,GL,1691700549
1,petropavlovsk-kamchatsky,53.0452,158.6483,282.48,87,0,4.0,RU,1691700549
2,punta arenas,-53.15,-70.9167,276.55,72,100,6.81,CL,1691700289
3,itoman,26.1247,127.6694,300.58,94,20,3.6,JP,1691700549
4,invercargill,-46.4,168.35,274.83,91,100,2.68,NZ,1691700469
5,puerto natales,-51.7236,-72.4875,276.17,80,100,2.81,CL,1691700549
6,owando,-0.4819,15.8999,298.45,63,50,1.3,CG,1691700549
7,blackmans bay,-43.0167,147.3167,282.42,84,100,3.22,AU,1691700549
8,brookings,44.3114,-96.7984,302.14,70,40,7.2,US,1691700534
9,ilulissat,69.2167,-51.1,281.16,76,75,2.06,GL,1691700550
10,port macquarie,-31.4333,152.9167,279.76,68,0,3.64,AU,1691700476
11,stanley,54.868,-1.6985,293.86,84,0,1.54,GB,1691700251
12,grytviken,-54.2811,-36.5092,271.64,97,95,3.29,GS,1691700550
13,dickinson,29.4608,-95.0513,313.22,60,40,4.63,US,1691700550
14,waitangi,-43.9535,-176.5597,284.72,96,77,0.45,NZ,1691700550
15,carnarvon,-24.8667,113.6333,291.24,84,23,1.17,AU,1691700551
16,ushuaia,-54.8,-68.3,273.96,100,75,3.6,AR,1691700515
17,remire-montjoly,4.9167,-52.2667,304.17,70,53,5.14,GF,1691700552
18,adamstown,-25.066,-130.1015,290.86,64,28,11.28,PN,1691700552
19,gbadolite,4.2833,21.0167,293.89,95,96,0.62,CD,1691700552
20,chanute,37.6792,-95.4572,306.18,51,20,3.6,US,1691700552
21,bamboo flat,11.7,92.7167,301.2,83,75,2.57,IN,1691700552
22,hermanus,-34.4187,19.2345,289.2,60,0,1.46,ZA,1691700269
23,port-aux-francais,-49.35,70.2167,277.08,90,100,14.89,TF,1691700384
24,manggar,-2.8833,108.2667,299.36,75,74,4.71,ID,1691700553
25,churachandpur,24.3333,93.6667,293.52,99,100,0.73,IN,1691700553
26,fort bragg,35.139,-79.006,305.83,58,40,5.66,US,1691700553
27,constantia,44.1833,28.65,294.65,60,100,3.18,RO,1691700553
28,magadan,59.5667,150.8,286.46,71,4,1.97,RU,1691700553
29,piton saint-leu,-21.2196,55.3151,291.21,68,0,3.09,RE,1691700554
30,hawaiian paradise park,19.5933,-154.9731,300.22,86,100,0.45,US,1691700554
31,isafjordur,66.0755,-23.124,280.97,78,100,4.46,IS,1691700554
32,arraial do cabo,-22.9661,-42.0278,297.13,83,0,5.66,BR,1691700406
33,ta`u,-14.2336,-169.5144,300.65,73,100,6.99,AS,1691700338
34,thompson,55.7435,-97.8558,292.24,48,75,1.54,CA,1691700554
35,akonolinga,3.7667,12.25,293.58,98,98,1.33,CM,1691700555
36,albertina,-22.2008,-46.6158,295.91,42,25,2.26,BR,1691700555
37,malango,-2.9627,119.9001,292.34,99,100,0.19,ID,1691700555
38,lompoc,34.6391,-120.4579,302.05,71,100,2.24,US,1691700519
39,cuatro cienegas de carranza,26.9833,-102.0833,313.76,15,96,5.27,MX,1691700555
40,luanda,-8.8368,13.2343,295.15,73,0,3.6,AO,1691700555
41,papatowai,-46.5619,169.4708,276.57,82,100,2.38,NZ,1691700556
42,college,64.8569,-147.8028,294.37,88,100,1.54,US,1691700556
43,kolpashevo,58.3131,82.9089,283.82,92,87,2.27,RU,1691700556
44,sisimiut,66.9395,-53.6735,280.68,91,100,3.68,GL,1691700278
45,bethel,41.3712,-73.414,296.49,85,100,0.89,US,1691700556
46,taoudenni,22.6783,-3.9836,313.1,10,10,5.25,ML,1691700556
47,atafu village,-8.5421,-172.5159,301.44,71,31,5.35,TK,1691700556
48,itaituba,-4.2761,-55.9836,308.24,52,20,4.12,BR,1691700414
49,west island,-12.1568,96.8225,298.14,88,100,5.66,CC,1691700557
50,taro,-8.3862,115.28,292.15,85,68,1.59,ID,1691700557
51,olonkinbyen,70.9221,-8.7187,279.98,98,100,5.09,SJ,1691700557
52,dean funes,-30.4204,-64.3498,295.99,31,0,2.66,AR,1691700557
53,guerrero negro,27.9769,-114.0611,300.03,60,6,7.62,MX,1691700392
54,iqaluit,63.7506,-68.5145,282.0,87,40,5.14,CA,1691700558
55,belel,7.05,14.4333,289.22,95,100,0.52,CM,1691700558
56,lycksele,64.5954,18.6735,287.08,82,78,2.57,SE,1691700558
57,gadzhiyevo,69.2551,33.3362,290.28,72,0,5.21,RU,1691700414
58,dudinka,69.4058,86.1778,285.72,53,75,11.05,RU,1691700558
59,enewetak,11.3474,162.3373,301.51,78,33,5.19,MH,1691700558
60,igarka,67.4667,86.5833,283.87,95,100,6.08,RU,1691700558
61,kharp,66.8014,65.8081,281.54,90,7,2.46,RU,1691700559
62,yellowknife,62.456,-114.3525,294.44,46,100,1.54,CA,1691700559
63,hasaki,35.7333,140.8333,301.1,88,14,5.03,JP,1691700512
64,santa quiteria,-4.3319,-40.1567,303.11,26,54,2.41,BR,1691700559
65,al qusayr,34.5091,36.5798,296.92,78,0,2.01,SY,1691700559
66,rio grande,-32.035,-52.0986,294.21,94,88,4.3,BR,1691700559
67,suncho corral,-27.9336,-63.4294,302.72,30,13,0.44,AR,1691700560
68,muntok,-2.0667,105.1833,298.22,81,20,3.36,ID,1691700560
69,diapaga,12.0708,1.7889,296.72,91,61,3.2,BF,1691700560
70,lorengau,-2.0226,147.2712,300.3,80,100,6.86,PG,1691700560
71,coxen hole,16.3244,-86.5366,304.75,62,0,9.26,HN,1691700560
72,port mathurin,-19.6833,63.4167,295.79,80,43,8.87,MU,1691700561
73,mytilene,39.11,26.5547,299.05,61,0,2.06,GR,1691700561
74,flin flon,54.7682,-101.865,289.06,63,100,4.12,CA,1691700561
75,wellawaya,6.7318,81.1018,297.16,85,100,1.57,LK,1691700561
76,taulaga,-11.0553,-171.0883,301.59,71,87,5.61,AS,1691700562
77,juan griego,11.0817,-63.9655,306.22,58,75,7.72,VE,1691700562
78,taroa,8.7058,171.2275,300.78,74,33,5.42,MH,1691700562
79,puerto ayora,-0.7393,-90.3518,302.13,92,53,3.58,EC,1691700562
80,ribeira grande,38.5167,-28.7,297.37,69,20,4.63,PT,1691700387
81,rovinj,45.08,13.64,293.42,70,2,3.43,HR,1691700562
82,sandnessjoen,66.0217,12.6316,290.21,63,74,3.6,NO,1691700563
83,sitka,57.0531,-135.33,289.09,82,100,1.54,US,1691700563
84,saipan,15.1355,145.701,298.54,94,100,3.09,MP,1691700563
85,wailua homesteads,22.0669,-159.378,301.39,76,75,6.69,US,1691700563
86,porto novo,6.4965,2.6036,299.05,87,27,2.99,BJ,1691700563
87,port lincoln,-34.7333,135.8667,282.38,79,5,2.4,AU,1691700452
88,tiksi,71.6872,128.8694,290.12,49,3,2.14,RU,1691700393
89,emerald,-23.5333,148.1667,286.36,85,0,2.01,AU,1691700564
90,whitehorse,60.7161,-135.0538,292.65,50,75,4.02,CA,1691700525
91,zouerate,22.7187,-12.4521,310.62,16,93,4.21,MR,1691700564
92,san rafael,-34.6177,-68.3301,294.08,13,0,4.06,AR,1691700564
93,lingcheng,22.7072,110.3492,298.22,94,100,0.81,CN,1691700564
94,saint-pierre,-21.3393,55.4781,292.97,68,0,3.09,RE,1691700565
95,omdurman,15.6445,32.4777,304.32,53,100,6.05,SD,1691700565
96,luderitz,-26.6481,15.1594,292.68,55,14,0.16,NA,1691700565
97,happy valley-goose bay,53.3168,-60.3315,290.32,63,75,4.63,CA,1691700311
98,edinburgh of the seven seas,-37.0676,-12.3116,285.23,69,28,12.09,SH,1691700403
99,katabu,-4.9333,122.5167,295.58,91,62,2.15,ID,1691700565
100,albany,42.6001,-73.9662,298.51,96,100,0.44,US,1691700335
101,coyhaique,-45.5752,-72.0662,283.12,57,75,2.57,CL,1691700496
102,ust-nera,64.5667,143.2,292.15,47,9,0.61,RU,1691700566
103,afaahiti,-17.75,-149.2833,299.08,69,50,7.76,PF,1691700290
104,ancud,-41.8697,-73.8203,281.19,75,98,8.21,CL,1691700527
105,rey bouba,8.6724,14.1786,295.59,95,99,0.19,CM,1691700567
106,mangrol,21.1167,70.1167,300.1,81,100,6.36,IN,1691700567
107,atbasar,51.8,68.3333,288.22,70,86,4.52,KZ,1691700567
108,puerto baquerizo moreno,-0.9,-89.6,299.7,78,75,7.2,EC,1691700567
109,haiku-pauwela,20.9219,-156.3051,299.4,80,75,6.17,US,1691700567
110,talnakh,69.4865,88.3972,285.49,64,90,6.93,RU,1691700567
111,kattivakkam,13.2167,80.3167,300.41,81,100,4.98,IN,1691700568
112,margaret river,-33.95,115.0667,285.56,75,97,2.31,AU,1691700492
113,duyun,26.2667,107.5167,294.95,97,1,0.92,CN,1691700568
114,jamestown,42.097,-79.2353,299.27,51,40,6.69,US,1691700326
115,lebu,-37.6167,-73.65,283.36,78,48,5.56,CL,1691700568
116,odienne,9.51,-7.5692,294.6,97,95,1.73,CI,1691700569
117,mosopa,-24.7718,25.4216,286.38,52,33,3.29,BW,1691700569
118,hirara,24.8,125.2833,301.07,94,20,1.54,JP,1691700569
119,longyearbyen,78.2186,15.6401,283.06,81,100,1.54,SJ,1691700549
120,ulanhot,46.0833,122.0833,289.43,93,92,3.32,CN,1691700569
121,anadyr,64.75,177.4833,282.43,81,75,5.0,RU,1691700406
122,belyayevka,51.3974,56.4096,293.73,45,0,3.04,RU,1691700570
123,cabo san lucas,22.8909,-109.9124,309.05,74,75,3.09,MX,1691700430
124,kodiak,57.79,-152.4072,285.88,88,100,3.09,US,1691700570
125,loikaw,19.6742,97.2094,291.64,96,100,1.01,MM,1691700570
126,nizhnesortymskiy,62.4397,71.7603,282.6,76,96,8.52,RU,1691700570
127,ljusdal,61.8288,16.0913,284.67,99,100,0.74,SE,1691700364
128,kramfors,62.9316,17.7765,287.04,88,75,2.57,SE,1691700571
129,stephenville,32.2207,-98.2023,315.8,25,0,5.66,US,1691700571
130,cidreira,-30.1811,-50.2056,290.77,97,36,4.1,BR,1691700571
131,mount gambier,-37.8333,140.7667,282.34,92,100,2.6,AU,1691700402
132,deltebre,40.7499,0.7868,299.45,87,23,1.98,ES,1691700571
133,natal,-5.795,-35.2094,298.51,88,40,6.69,BR,1691700572
134,japaratuba,-10.5933,-36.9403,296.75,90,11,3.35,BR,1691700572
135,udachny,66.4167,112.4,289.51,82,84,2.43,RU,1691700572
136,avarua,-21.2078,-159.775,298.18,78,75,7.2,CK,1691700401
137,uttarkashi,30.7333,78.45,296.3,93,93,0.79,IN,1691700572
138,zhigalovo,54.8097,105.1578,286.29,97,93,1.83,RU,1691700573
139,new norfolk,-42.7826,147.0587,283.08,95,100,1.41,AU,1691700573
140,bolkhov,53.4433,36.0044,289.95,70,100,3.78,RU,1691700573
141,yuzhno-kurilsk,44.0306,145.8556,293.3,96,100,5.3,RU,1691700425
142,mount isa,-20.7333,139.5,281.02,87,6,0.0,AU,1691700283
143,serhiyivka,46.0272,30.3768,294.8,55,97,7.24,UA,1691700574
144,wenling,28.3669,121.36,299.09,88,97,0.64,CN,1691700574
145,namibe,-15.1961,12.1522,289.16,89,20,3.79,AO,1691700574
146,tsiombe,-25.3,45.4833,290.18,74,19,4.97,MG,1691700575
147,tokar,18.4254,37.729,306.38,43,2,10.89,SD,1691700575
148,bredasdorp,-34.5322,20.0403,286.45,72,0,0.83,ZA,1691700513
149,nabire,-3.3667,135.4833,297.12,88,85,1.51,ID,1691700575
150,valjevo,44.2751,19.8982,289.15,70,43,1.92,RS,1691700575
151,newala kisimani,-10.95,39.2833,290.25,77,59,2.26,TZ,1691700575
152,shache,38.4167,77.2406,299.66,23,99,4.76,CN,1691700409
153,sorong,-0.8833,131.25,297.58,89,82,5.02,ID,1691700576
154,tot'ma,59.9747,42.7642,291.11,79,6,1.96,RU,1691700576
155,ola,59.5833,151.2833,286.47,71,19,0.75,RU,1691700306
156,port elizabeth,-33.918,25.5701,287.31,94,4,1.03,ZA,1691700326
157,georgetown,5.4112,100.3354,299.11,92,20,1.03,MY,1691700576
158,piacabucu,-10.4056,-36.4344,296.07,88,28,4.45,BR,1691700413
159,bengkulu,-3.8004,102.2655,296.25,94,46,2.06,ID,1691700448
160,saldanha,-33.0117,17.9442,286.18,76,0,2.9,ZA,1691700543
161,hamilton,39.1834,-84.5333,301.81,64,40,6.17,US,1691700539
162,teloloapan,18.35,-99.85,296.39,67,100,1.41,MX,1691700577
163,darchula,29.8412,80.5287,297.19,93,100,0.63,NP,1691700577
164,bataipora,-22.2953,-53.2711,303.64,26,3,2.15,BR,1691700577
165,pijijiapan,15.7011,-93.23,305.05,62,24,3.66,MX,1691700577
166,betare oya,5.6,14.0833,292.92,98,100,1.58,CM,1691700577
167,sultanpur,26.2667,82.0667,300.69,86,98,1.2,IN,1691700578
168,mutoko,-17.397,32.2268,285.33,83,90,3.22,ZW,1691700578
169,vila franca do campo,37.7167,-25.4333,296.38,91,58,1.23,PT,1691700578
170,kenai,60.5544,-151.2583,288.23,93,100,3.09,US,1691700537
171,san julian,21.0167,-102.1667,297.2,50,72,4.43,MX,1691700378
172,holualoa,19.6228,-155.9522,300.06,75,0,4.12,US,1691700578
173,bandarbeyla,9.4942,50.8122,296.89,85,28,12.74,SO,1691700550
174,santa elena de uairen,4.6167,-61.1333,296.81,74,37,2.93,VE,1691700301
175,sahar,24.3643,56.7468,305.16,84,66,6.17,OM,1691700579
176,fale old settlement,-9.3852,-171.2468,300.77,77,90,4.98,TK,1691700579
177,klyuchi,52.2667,79.1667,290.2,92,98,4.85,RU,1691700579
178,hithadhoo,-0.6,73.0833,300.56,79,92,5.02,MV,1691700579
179,polyarnyy,69.1989,33.4478,290.25,73,0,5.2,RU,1691700579
180,kulhudhuffushi,6.6221,73.07,301.14,78,92,7.29,MV,1691700580
181,san luis de la loma,17.2706,-100.8939,303.58,69,100,2.99,MX,1691700580
182,abepura,-2.6333,140.5833,297.6,83,40,0.0,ID,1691700580
183,kencong,-8.2833,113.3667,293.18,92,52,0.97,ID,1691700580
184,lihue,21.9789,-159.3672,301.73,68,75,6.69,US,1691700281
185,moose jaw,50.4001,-105.5344,298.3,44,40,7.72,CA,1691700337
186,jackson,42.4165,-122.8345,306.15,33,0,2.68,US,1691700385
187,kailua-kona,19.6406,-155.9956,302.13,75,0,4.12,US,1691700452
188,worland,44.0169,-107.9554,305.86,29,0,3.09,US,1691700581
189,fortuna,40.5982,-124.1573,294.78,78,100,5.14,US,1691700563
190,miches,18.9836,-69.0476,303.26,73,100,6.1,DO,1691700581
191,cabedelo,-6.9811,-34.8339,299.52,80,8,6.69,BR,1691700522
192,kwang binh,17.4833,106.6,301.71,69,100,3.53,VN,1691700581
193,beipiao,41.7919,120.7792,291.75,82,0,5.89,CN,1691700581
194,glen innes,-29.7333,151.7333,277.21,80,0,0.87,AU,1691700581
195,lubango,-14.9172,13.4925,288.07,67,0,2.06,AO,1691700581
196,ellsworth,44.5434,-68.4195,300.2,69,0,5.66,US,1691700582
197,burang,30.25,81.1667,285.0,83,100,1.75,CN,1691700582
198,angaur state,6.906,134.13,301.17,80,77,8.26,PW,1691700361
199,naze,28.3667,129.4833,296.66,88,100,2.2,JP,1691700582
200,mount pearl,47.5166,-52.7813,294.24,89,75,4.12,CA,1691700582
201,jumla,29.2747,82.1838,290.71,92,100,0.42,NP,1691700582
202,la passe,45.5549,-0.8967,294.28,92,34,3.6,FR,1691700582
203,levuka,50.1834,-105.4011,298.0,44,40,7.72,CA,1691700583
204,iskateley,67.6803,53.1512,283.81,79,7,2.48,RU,1691700410
205,coalinga,36.1397,-120.3602,304.84,37,100,3.99,US,1691700583
206,antalaha,-14.9003,50.2788,292.25,92,10,2.63,MG,1691700583
207,badger,64.8,-147.5333,294.33,88,100,1.54,US,1691700583
208,sinabang,2.4803,96.3801,299.13,84,100,2.18,ID,1691700583
209,kristiansund,63.1115,7.732,285.18,87,100,2.06,NO,1691700583
210,tazovsky,67.4667,78.7,279.47,65,1,9.09,RU,1691700584
211,nova vicosa,-17.8919,-39.3719,295.79,74,77,3.66,BR,1691700294
212,colonia,50.9333,6.95,293.69,73,0,1.03,DE,1691700483
213,alice springs,-23.7,133.8833,278.9,65,0,2.57,AU,1691700584
214,vorgashor,67.5833,63.95,278.67,94,43,3.42,RU,1691700584
215,vilyuchinsk,52.9306,158.4028,283.3,75,65,1.13,RU,1691700584
216,rondonopolis,-16.4708,-54.6356,308.78,15,1,3.03,BR,1691700322
217,aasiaat,68.7098,-52.8699,276.43,87,100,4.18,GL,1691700405
218,suva,-18.1416,178.4415,292.86,100,100,0.0,FJ,1691700303
219,utrik,11.2278,169.8474,300.9,70,13,4.93,MH,1691700585
220,fomboni,-12.28,43.7425,298.13,71,1,6.75,KM,1691700585
221,yelizovo,53.1873,158.3805,283.23,87,0,4.0,RU,1691700585
222,veraval,20.9,70.3667,300.02,82,100,6.03,IN,1691700585
223,mil'kovo,55.6078,37.7956,292.62,72,67,2.53,RU,1691700334
224,santa rosalia,27.3167,-112.2833,305.49,55,0,4.28,MX,1691700585
225,namtsy,62.7161,129.6658,286.98,67,2,1.75,RU,1691700586
226,chonchi,-42.6128,-73.8092,281.71,83,100,3.97,CL,1691700586
227,bilibino,68.0546,166.4372,283.18,79,100,1.78,RU,1691700586
228,aswan,24.0934,32.907,310.76,13,0,4.12,EG,1691700586
229,port alfred,-33.5906,26.891,293.08,58,0,4.75,ZA,1691700518
230,st. john's,47.5649,-52.7093,294.7,89,75,4.12,CA,1691700586
231,bandar abbas,27.1865,56.2808,307.14,62,75,3.09,IR,1691700586
232,lewistown,40.5992,-77.5714,299.37,78,75,0.0,US,1691700586
233,zaozersk,69.4005,32.4476,290.78,67,0,3.76,RU,1691700587
234,uturoa,-16.7333,-151.4333,298.27,67,75,7.57,PF,1691700587
235,hammerfest,70.6634,23.6821,298.4,53,0,4.12,NO,1691700587
236,sabana de torres,7.3915,-73.4957,306.49,62,82,1.32,CO,1691700587
237,la mira,18.035,-102.3266,304.62,62,72,3.35,MX,1691700587
238,mokhotlong,-29.2894,29.0675,278.24,52,0,1.86,LS,1691700587
239,aras-asan,8.8908,126.3033,298.29,88,91,2.46,PH,1691700587
240,tchibanga,-2.85,11.0333,294.93,82,4,1.39,GA,1691700588
241,vilyuysk,63.7553,121.6247,286.72,77,11,2.71,RU,1691700333
242,phan thiet,10.9333,108.1,299.36,87,24,4.13,VN,1691700588
243,kinana,14.0361,33.1712,300.63,61,100,4.65,SD,1691700588
244,brady,31.1352,-99.3351,315.57,22,0,3.6,US,1691700588
245,maun,-19.9833,23.4167,291.13,32,0,3.6,BW,1691700588
246,bogale,16.2833,95.4,298.65,93,100,2.11,MM,1691700588
247,pandan,14.0453,124.1694,300.0,84,100,2.78,PH,1691700589
248,walvis bay,-22.9575,14.5053,287.09,94,55,3.6,NA,1691700589
249,manokwari,-0.8667,134.0833,298.45,79,45,1.93,ID,1691700589
250,khandyga,62.6667,135.6,289.55,61,14,1.33,RU,1691700589
251,salinas,36.6777,-121.6555,304.02,65,0,5.14,US,1691700541
252,guixi,28.2886,117.2133,299.2,89,100,1.36,CN,1691700589
253,tofol,5.3248,163.0078,301.67,72,93,2.31,FM,1691700589
254,non sung,15.1801,102.2569,301.58,74,95,4.12,TH,1691700590
255,kataba,13.9833,44.3833,294.8,57,42,1.43,YE,1691700590
256,kupang,-10.1667,123.5833,295.95,82,51,4.28,ID,1691700590
257,kerikeri,-35.2268,173.9474,279.77,94,34,2.28,NZ,1691700517
258,khash,28.2211,61.2158,299.64,18,0,1.47,IR,1691700590
259,gorontalo,0.5412,123.0595,296.45,91,100,2.23,ID,1691700590
260,gamba,-2.65,10.0,295.05,93,11,2.33,GA,1691700590
261,kisangani,0.5167,25.2,297.04,84,100,1.41,CD,1691700591
262,kirensk,57.7853,108.1119,290.28,97,100,2.79,RU,1691700591
263,ekibastuz,51.6667,75.3667,290.76,66,100,7.72,KZ,1691700591
264,klaksvik,62.2266,-6.589,284.66,90,84,6.1,FO,1691700548
265,xinyang,32.1228,114.0656,297.09,90,59,0.32,CN,1691700591
266,island harbour,50.724,-1.2758,292.68,90,19,0.45,GB,1691700591
267,gisborne,-38.6533,178.0042,281.32,73,85,6.81,NZ,1691700591
268,westport,41.1415,-73.3579,297.19,86,100,5.14,US,1691700406
269,new plymouth,-39.0667,174.0833,279.44,65,3,1.72,NZ,1691700456
270,pachino,36.7186,15.0907,297.43,64,0,0.33,IT,1691700592
271,kizel,59.0471,57.6477,284.39,87,48,1.42,RU,1691700592
272,newman,37.3138,-121.0208,308.74,15,1,3.7,US,1691700472
273,port blair,11.6667,92.75,301.17,83,75,2.57,IN,1691700592
274,tura,25.5198,90.2201,297.04,98,100,1.92,IN,1691700524
275,kapa'a,22.0752,-159.319,302.14,76,75,6.69,US,1691700593
276,tabou,4.423,-7.3528,297.43,84,100,4.14,CI,1691700593
277,santa marta de ortigueira,43.6833,-7.85,293.93,82,91,1.66,ES,1691700593
278,fort pierce,27.4467,-80.3256,309.29,74,20,5.14,US,1691700593
279,pitimbu,-7.4706,-34.8086,299.48,79,10,5.87,BR,1691700593
280,midvagur,62.0511,-7.1939,284.61,93,100,6.17,FO,1691700593
281,olyokminsk,60.3736,120.4264,291.48,84,100,1.56,RU,1691700594
282,radomsko,51.0671,19.4448,289.63,56,98,1.19,PL,1691700594
283,mahebourg,-20.4081,57.7,293.85,88,20,1.54,MU,1691700594
284,yala,6.3333,101.25,296.4,96,39,1.31,TH,1691700594
285,chingirlau,51.095,54.0814,295.34,41,0,3.35,KZ,1691700594
286,el nido,11.1858,119.3956,300.92,82,100,5.35,PH,1691700594
287,kuanda,56.3161,116.0806,289.39,95,100,1.73,RU,1691700594
288,toliara,-23.35,43.6667,291.41,66,0,6.92,MG,1691700595
289,keflavik,64.0049,-22.5624,288.1,82,75,3.6,IS,1691700595
290,tolanaro,-25.0319,46.9987,292.19,77,75,3.09,MG,1691700595
291,las cruces,32.3123,-106.7783,311.12,21,0,2.06,US,1691700516
292,marshfield,44.6689,-90.1718,300.06,43,0,4.12,US,1691700494
293,laguna de perlas,12.3429,-83.6712,303.2,76,100,2.84,NI,1691700595
294,iranshahr,27.2025,60.6848,311.34,14,0,4.12,IR,1691700595
295,crucecita,-28.95,-58.9833,296.7,68,100,2.27,AR,1691700596
296,ahar,38.4774,47.0699,296.79,38,0,1.56,IR,1691700596
297,kapuskasing,49.4169,-82.4331,293.2,63,75,5.66,CA,1691700596
298,tual,-5.6667,132.75,298.67,80,70,9.18,ID,1691700596
299,caldwell,43.6629,-116.6874,304.36,31,0,3.6,US,1691700597
300,broken hill,-31.95,141.4333,281.86,67,0,2.95,AU,1691700597
301,palikir - national government center,6.9248,158.1611,297.56,94,75,0.0,FM,1691700597
302,coahuayana de hidalgo,18.7,-103.6583,305.16,63,95,3.04,MX,1691700597
303,carlsbad,33.1581,-117.3506,303.4,77,100,4.12,US,1691700597
304,sao jose da coroa grande,-8.8978,-35.1478,297.04,80,6,3.58,BR,1691700598
305,vila velha,-20.3297,-40.2925,297.12,84,75,5.14,BR,1691700534
306,xining,36.6167,101.7667,290.14,92,97,1.53,CN,1691700479
307,tepetzintla,21.1667,-97.8333,312.13,32,7,3.03,MX,1691700598
308,las terrenas,19.311,-69.5428,303.08,84,75,5.14,DO,1691700598
309,shimoda,34.6667,138.95,299.26,87,16,5.07,JP,1691700512
310,mermoz boabab,14.7065,-17.4758,301.46,74,40,5.14,SN,1691700598
311,yashikira,9.7667,3.4,295.4,95,100,2.23,NG,1691700599
312,east london,-33.0153,27.9116,291.94,70,0,6.27,ZA,1691700307
313,isla del bosque,22.7333,-105.85,303.46,74,98,3.23,MX,1691700599
314,alto piquiri,-24.0281,-53.4406,298.39,50,0,3.87,BR,1691700599
315,zhaotong,27.3167,103.7167,290.21,93,88,0.75,CN,1691700599
316,diego de almagro,-26.3667,-70.05,296.89,17,29,2.25,CL,1691700599
317,cadale,2.7603,46.3222,297.96,84,62,7.85,SO,1691700599
318,saint-louis,16.3333,-15.0,303.87,48,100,8.05,SN,1691700600
319,leava,-14.3,-178.1667,300.89,77,100,4.95,WF,1691700600
320,castillos,-34.1667,-53.8333,288.27,93,100,2.52,UY,1691700600
321,kalmunai,7.4167,81.8167,299.7,80,98,2.43,LK,1691700601
322,flying fish cove,-10.4217,105.6791,296.97,88,100,4.63,CX,1691700601
323,ghadamis,30.1337,9.5007,303.59,19,0,6.11,LY,1691700602
324,elverum,60.8819,11.5623,283.32,91,54,1.16,NO,1691700603
325,miranda,3.2499,-76.2281,304.22,43,68,1.48,CO,1691700370
326,mweka,-4.85,21.5667,297.62,59,48,0.95,CD,1691700603
327,north shore,-36.8,174.75,284.45,71,46,0.89,NZ,1691700604
328,dauphin,51.1494,-100.0502,287.23,94,100,3.09,CA,1691700604
329,arawa,-6.2132,155.5367,297.81,96,100,2.59,PG,1691700605
330,plonsk,52.6235,20.3755,289.17,60,84,1.59,PL,1691700605
331,plastun,44.7561,136.2939,289.76,98,100,2.17,RU,1691700605
332,piti village,13.4626,144.6933,299.64,91,100,5.14,GU,1691700605
333,shibetsu,43.659,145.132,295.46,94,99,5.39,JP,1691700349
334,ulladulla,-35.35,150.4667,280.41,69,0,2.23,AU,1691700395
335,susuman,62.7833,148.1667,286.79,53,6,0.72,RU,1691700606
336,weno,7.4515,151.8468,300.46,75,50,2.19,FM,1691700606
337,catemaco,18.4167,-95.1167,303.42,71,25,1.69,MX,1691700607
338,san martin de los andes,-40.1604,-71.3486,279.06,86,100,11.18,AR,1691700607
339,port moody,49.283,-122.8526,296.13,71,99,2.24,CA,1691700011
340,port nelson,23.6333,-74.8333,302.2,72,97,4.17,BS,1691700607
341,pimentel,-6.8367,-79.9342,298.31,65,75,7.2,PE,1691700607
342,saiha,22.4833,92.9667,295.3,100,100,0.31,IN,1691700608
343,progreso,21.2833,-89.6667,311.54,70,12,7.11,MX,1691700608
344,calama,-22.4667,-68.9333,296.42,9,0,6.69,CL,1691700496
345,comandante fontana,-25.3345,-59.6821,307.85,25,26,4.4,AR,1691700613
346,nova sintra,14.8667,-24.7167,295.82,75,22,7.22,CV,1691700613
347,borba,-4.3878,-59.5939,302.97,55,86,1.29,BR,1691700613
348,barra de santo antonio,-9.4047,-35.5072,297.75,84,8,3.93,BR,1691700614
349,yumbe,3.4651,31.2469,291.2,96,61,1.64,UG,1691700614
350,rusape,-18.5278,32.1284,284.01,87,91,2.7,ZW,1691700614
351,los chavez,34.727,-106.7384,307.63,27,93,0.45,US,1691700614
352,knokke-heist,51.3333,3.3333,294.35,50,33,3.83,BE,1691700615
353,cannonvale,-20.2833,148.7,291.81,76,2,4.36,AU,1691700615
354,novaya igirma,57.1334,103.9112,287.98,80,100,1.57,RU,1691700615
355,berezovyy,51.6667,135.7,288.46,78,16,0.72,RU,1691700615
356,mahina,-17.5065,-149.489,300.02,61,40,2.06,PF,1691700615
357,sao joao da barra,-21.6403,-41.0511,298.2,83,8,7.54,BR,1691700533
358,geraldton,-28.7667,114.6,286.38,94,100,2.06,AU,1691700611
359,maba,24.6841,113.5984,295.92,95,62,0.16,CN,1691700616
360,mont-dore,-22.2833,166.5833,293.15,97,6,3.64,NC,1691700616
361,sredneuralsk,56.9892,60.4666,286.79,76,68,1.89,RU,1691700613
362,alofi,-19.0595,-169.9187,298.09,94,40,2.06,NU,1691700616
363,huarmey,-10.0681,-78.1522,294.66,74,3,5.87,PE,1691700617
364,kristinestad,62.2743,21.376,287.65,81,100,5.62,FI,1691700617
365,masterton,-40.9597,175.6575,277.53,94,77,2.33,NZ,1691700617
366,labrador city,52.9463,-66.9114,290.1,72,75,2.57,CA,1691700617
367,akhmim,26.5622,31.745,307.26,25,0,5.34,EG,1691700617
368,robore,-18.3333,-59.75,309.86,21,0,4.44,BO,1691700618
369,trujillo,-8.116,-79.03,295.13,83,75,5.14,PE,1691700512
370,baukau,51.5526,7.2042,292.31,70,0,2.68,DE,1691700618
371,codrington,-38.2667,141.9667,282.96,81,100,4.74,AU,1691700618
372,road town,18.4167,-64.6167,305.17,70,40,4.63,VG,1691700618
373,mossel bay,-34.1831,22.146,296.11,62,0,0.91,ZA,1691700619
374,gwadar,25.1216,62.3254,300.06,83,82,4.08,PK,1691700619
375,puerto lempira,15.2667,-83.7667,305.23,62,40,4.12,HN,1691700619
376,assomada,15.1,-23.6833,297.9,73,25,3.54,CV,1691700620
377,krasnyy chikoy,50.3643,108.7512,287.1,96,86,1.26,RU,1691700620
378,armacao de buzios,-22.7469,-41.8817,298.18,83,0,9.74,BR,1691700620
379,yuanping,38.7153,112.7575,295.24,93,99,0.94,CN,1691700621
380,san patricio,28.017,-97.5169,312.69,44,0,8.62,US,1691700621
381,selfoss,63.9331,-20.9971,289.29,79,55,3.76,IS,1691700621
382,mazatlan,23.2167,-106.4167,304.77,79,100,0.45,MX,1691700354
383,northam,51.0333,-4.2167,292.81,89,97,5.87,GB,1691700622
384,pemangkat,1.1667,108.9667,299.09,87,99,4.32,ID,1691700622
385,buala,-8.145,159.5921,298.72,88,100,7.78,SB,1691700622
386,al wajh,26.2455,36.4525,303.12,66,0,1.54,SA,1691700622
387,imperatriz,-5.5264,-47.4917,308.18,36,20,1.03,BR,1691700623
388,looe,50.3578,-4.4542,292.01,98,98,5.61,GB,1691700623
389,dwarka,22.2394,68.9678,300.39,82,99,7.83,IN,1691700623
390,aleksandrovsk-sakhalinskiy,50.8975,142.1561,288.16,93,100,1.02,RU,1691700624
391,saint-philippe,-21.3585,55.7679,292.92,82,14,1.58,RE,1691700624
392,umm kaddadah,13.6017,26.6876,305.08,40,3,3.42,SD,1691700624
393,al hasakah,36.5024,40.7477,308.76,22,0,5.05,SY,1691700624
394,faya-largeau,17.9257,19.1043,308.27,40,86,5.05,TD,1691700624
395,duong dong,10.2167,103.9667,301.15,94,40,5.66,VN,1691700625
396,coquimbo,-29.9533,-71.3436,290.0,77,75,7.2,CL,1691700558
397,el granada,37.5027,-122.4694,305.33,75,100,4.63,US,1691700625
398,laguna,38.421,-121.4238,307.64,39,0,1.54,US,1691700625
399,cody,44.5263,-109.0565,301.43,23,0,7.72,US,1691700625
400,dalandzadgad,43.5708,104.425,293.79,57,0,6.39,MN,1691700450
401,three points,32.0767,-111.3137,312.04,20,95,2.94,US,1691700626
402,kununurra,-15.7667,128.7333,287.14,88,55,2.06,AU,1691700626
403,nemuro,43.3236,145.575,292.19,99,100,5.88,JP,1691700626
404,daru,-9.0763,143.2092,296.85,75,97,7.49,PG,1691700626
405,aksu,41.1231,80.2644,298.61,38,46,5.69,CN,1691700627
406,puerto aysen,-45.4,-72.7,282.17,87,100,0.0,CL,1691700627
407,kroya,-7.6331,109.2461,293.6,93,79,1.77,ID,1691700627
408,mar del plata,-38.0023,-57.5575,290.16,94,100,4.63,AR,1691700618
409,tweed heads,-28.1817,153.547,287.59,82,0,2.06,AU,1691700384
410,crane,31.3974,-102.3501,314.89,12,1,2.82,US,1691700627
411,kapit,2.0167,112.9333,295.86,99,90,0.34,MY,1691700558
412,xai-xai,-25.0519,33.6442,290.27,70,31,2.86,MZ,1691700628
413,tazacorte,28.629,-17.9293,298.69,73,0,7.2,ES,1691700628
414,kalymnos,36.95,26.9833,297.89,78,0,4.12,GR,1691700628
415,aykhal,66.0,111.5,288.56,88,100,2.17,RU,1691700555
416,heihe,50.2441,127.4902,290.47,94,0,0.96,CN,1691700629
417,al bahah,20.0129,41.4677,300.83,32,56,3.4,SA,1691700629
418,dunay,42.8803,132.3375,294.33,91,100,7.9,RU,1691700629
419,kalengwa,-13.4659,25.0027,288.45,35,3,2.76,ZM,1691700629
420,hadibu,12.65,54.0333,298.62,82,49,6.61,YE,1691700630
421,novovoronezh,51.3072,39.2173,292.26,87,100,4.27,RU,1691700630
422,regina,50.4501,-104.6178,297.21,57,75,4.12,CA,1691700362
423,novopokrovskaya,45.9514,40.7006,302.65,35,44,5.45,RU,1691700630
424,marsa alam,25.0757,34.8918,305.08,43,0,3.88,EG,1691700378
425,siluko,6.5386,5.1609,296.17,97,100,1.21,NG,1691700630
426,st ives,50.2086,-5.4875,290.33,97,100,6.2,GB,1691700631
427,dawei,14.0833,98.2,297.63,93,84,0.52,MM,1691700631
428,sao vicente,-23.9631,-46.3919,303.25,56,75,2.57,BR,1691700631
429,khovd,48.0056,91.6419,291.29,48,0,1.59,MN,1691700466
430,yoko,5.5333,12.3167,291.34,98,95,0.85,CM,1691700632
431,broome,42.2506,-75.833,295.07,85,100,3.6,US,1691700632
432,malabar,-33.9667,151.25,284.09,68,20,4.12,AU,1691700632
433,al hawatah,13.4167,34.6333,297.22,86,98,3.09,SD,1691700632
434,jiuquan,39.7432,98.5174,292.01,57,0,1.11,CN,1691700632
435,antsiranana,-12.2787,49.2917,295.14,78,0,4.46,MG,1691700633
436,brisas de zicatela,15.8369,-97.0419,305.44,58,40,3.09,MX,1691700633
437,mirny,62.5353,113.9611,289.95,72,100,4.02,RU,1691700633
438,fusignano,44.4651,11.9571,299.1,73,38,2.52,IT,1691700633
439,les avirons,-21.2418,55.3394,291.2,68,0,3.09,RE,1691700633
440,sungai penuh,-2.0833,101.3833,290.31,96,58,0.57,ID,1691700633
441,vyaz'ma,55.2104,34.2951,287.57,62,99,2.34,RU,1691700634
442,san antonio de pale,-1.4014,5.6325,296.88,87,69,4.72,GQ,1691700634
443,kismayo,-0.3582,42.5454,297.34,83,46,7.28,SO,1691700634
444,riverton,40.5219,-111.9391,307.07,25,0,4.47,US,1691700604
445,juneau,58.3019,-134.4197,288.83,97,100,6.17,US,1691700634
446,salavan,15.7167,106.4167,296.33,97,93,0.37,LA,1691700634
447,maunabo,18.0072,-65.8993,306.06,85,100,4.88,PR,1691700634
448,porto murtinho,-21.6989,-57.8825,310.85,19,0,4.8,BR,1691700635
449,asau,46.4333,26.4,289.66,66,93,2.37,RO,1691700422
450,zhangye,38.9342,100.4517,293.22,70,86,3.08,CN,1691700635
451,cooper's town,26.8667,-77.5167,303.23,67,33,2.87,BS,1691700635
452,pisco,-13.7,-76.2167,295.18,64,20,7.72,PE,1691700564
453,howrah,22.5892,88.3103,300.15,89,75,3.09,IN,1691700635
454,dullewala,31.8359,71.4362,310.0,32,20,6.29,PK,1691700635
455,kamaishi,39.2667,141.8833,298.42,91,50,3.32,JP,1691700636
456,ataq,14.5377,46.8319,300.96,49,100,3.86,YE,1691700636
457,gereida,11.2811,25.1414,300.29,62,34,3.02,SD,1691700636
458,willmar,45.1219,-95.0433,297.12,69,0,4.63,US,1691700600
459,rocha,-34.4833,-54.3333,291.19,78,100,3.51,UY,1691700636
460,vanimo,-2.6741,141.3028,298.53,92,98,3.23,PG,1691700636
461,duluth,46.7833,-92.1066,299.01,47,20,3.6,US,1691700529
462,scarborough,54.2797,-0.4044,292.4,77,59,3.58,GB,1691700637
463,nar'yan-mar,67.6713,53.087,283.88,80,7,2.5,RU,1691700637
464,betafo,-19.8333,46.85,288.24,69,88,1.44,MG,1691700637
465,ganj muradabad,26.9667,80.1833,302.12,73,74,0.7,IN,1691700637
466,chegdomyn,51.1167,133.0167,288.38,80,37,0.69,RU,1691700637
467,bechar,31.6167,-2.2167,313.33,11,40,3.6,DZ,1691700637
468,papao,-17.75,-149.55,299.97,68,38,8.95,PF,1691700637
469,port-gentil,-0.7193,8.7815,298.13,83,20,3.09,GA,1691700638
470,hadsund,56.7148,10.1168,285.1,79,75,5.24,DK,1691700638
471,christchurch,-43.5333,172.6333,275.6,87,99,0.51,NZ,1691700026
472,rmi capitol,7.0893,171.3805,302.12,79,100,2.57,MH,1691700638
473,borzya,50.3833,116.5167,289.38,89,100,2.4,RU,1691700638
474,dunedin,-45.8742,170.5036,276.37,74,100,0.45,NZ,1691700483
475,egilsstadir,65.2653,-14.3948,283.1,76,20,4.12,IS,1691700638
476,hami,42.8,93.45,300.93,24,0,3.65,CN,1691700639
477,pasuquin,18.3328,120.6177,301.12,89,75,3.09,PH,1691700639
478,boguchany,58.3814,97.4531,288.24,77,70,1.13,RU,1691700639
479,grand gaube,-20.0064,57.6608,293.92,77,10,4.56,MU,1691700639
480,aoulef,26.9667,1.0833,310.07,13,0,5.04,DZ,1691700639
481,kushiro,42.975,144.3747,293.17,99,100,4.37,JP,1691700639
482,enguera,38.9797,-0.6868,300.42,86,3,1.6,ES,1691700640
483,sao jose de ribamar,-2.5619,-44.0542,303.36,77,54,4.94,BR,1691700640
484,gurjaani,41.7429,45.8011,298.71,52,0,1.32,GE,1691700640
485,pauini,-7.7136,-66.9764,308.7,34,82,1.89,BR,1691700555
486,necochea,-38.5473,-58.7368,287.34,92,100,3.51,AR,1691700640
487,shingu,33.7333,135.9833,298.97,92,38,3.28,JP,1691700640
488,saint-joseph,-21.3667,55.6167,292.36,81,8,1.3,RE,1691700640
489,mugia,43.1041,-9.2179,295.32,92,61,3.86,ES,1691700442
490,puerto cabezas,14.0351,-83.3888,305.13,74,40,3.09,NI,1691700558
491,pointe-noire,-4.7761,11.8635,296.19,83,75,3.6,CG,1691700641
492,halvad,23.0167,71.1833,300.65,71,100,5.78,IN,1691700641
493,amos,48.5669,-78.1162,292.01,80,62,3.31,CA,1691700641
494,pacasmayo,-7.4006,-79.5714,295.88,69,43,6.95,PE,1691700641
495,beyneu,45.3167,55.2,302.44,29,54,4.06,KZ,1691700642
496,tarauaca,-8.1614,-70.7656,305.93,45,98,1.73,BR,1691700642
497,ikang,4.7898,8.5316,297.06,94,100,1.36,NG,1691700642
498,apaxtla de castrejon,18.15,-99.8667,297.49,72,100,0.95,MX,1691700642
499,okola,4.0167,11.3833,296.4,99,86,1.75,CM,1691700642
500,larache,35.1932,-6.1557,298.25,60,0,4.84,MA,1691700642
501,queenstown,-31.8976,26.8753,285.41,49,0,2.4,ZA,1691700643
502,kayangel,8.0823,134.7173,300.97,82,95,8.7,PW,1691700643
503,al jawf,29.5,38.75,304.03,25,4,4.5,SA,1691700643
504,palmas,-10.2128,-48.3603,307.08,33,0,3.09,BR,1691700399
505,viedma,-40.8135,-62.9967,290.53,32,100,6.22,AR,1691700436
506,petawawa,45.9001,-77.3328,293.03,83,100,4.63,CA,1691700601
507,redencao,-4.2258,-38.7306,298.69,64,10,2.9,BR,1691700644
508,lethbridge,49.7,-112.8186,300.69,25,75,4.63,CA,1691700454
509,peace river,56.2501,-117.286,293.32,72,75,5.66,CA,1691700644
510,al bayda,32.7627,21.7551,293.36,82,18,4.93,LY,1691700645
511,kshenskiy,51.8408,37.7136,293.74,76,100,5.47,RU,1691700645
512,djambala,-2.5447,14.7533,297.41,58,95,0.85,CG,1691700645
513,kavaratti,10.5669,72.642,301.03,77,100,7.61,IN,1691700645
514,boysun,38.2061,67.1986,297.03,30,0,3.15,UZ,1691700645
515,fort st. john,56.2499,-120.8529,290.09,72,75,5.14,CA,1691700645
516,new mirpur,33.1418,73.7674,301.74,68,43,2.51,PK,1691700646
517,acarau,-2.8856,-40.12,299.06,77,25,7.55,BR,1691700549
518,ruteng,-8.6136,120.4721,287.2,88,88,0.54,ID,1691700646
519,vallenar,-28.5708,-70.7581,294.89,28,69,2.58,CL,1691700646
520,dryden,49.7833,-92.7503,292.31,55,20,2.57,CA,1691700646
521,bintulu,3.1667,113.0333,298.38,94,20,1.54,MY,1691700646
522,tamanrasset,22.785,5.5228,304.1,8,0,4.12,DZ,1691700647
523,fort mcmurray,56.7268,-111.381,287.92,100,100,5.14,CA,1691700647
524,olinda,-8.0089,-34.8553,299.0,69,20,6.69,BR,1691700647
525,kone,-21.0595,164.8658,289.93,60,0,2.26,NC,1691700435
526,ocean shores,46.9737,-124.1563,295.07,76,100,4.63,US,1691700547
527,palma sola,-23.9634,-64.2987,298.04,26,76,1.83,AR,1691700647
528,santa helena,-2.2311,-45.3,300.49,70,99,1.97,BR,1691700647
529,arica,-18.475,-70.3042,294.9,68,100,7.72,CL,1691700648
530,sihanoukville,10.6093,103.5296,299.12,94,40,1.03,KH,1691700648
531,chongwe,-15.3292,28.682,286.47,66,1,2.76,ZM,1691700648
532,langfang,39.5097,116.6947,297.47,75,71,1.68,CN,1691700648
533,santa ana,33.7456,-117.8678,302.27,70,75,4.63,US,1691700452
534,pleiku,13.9833,108.0,293.35,98,13,1.65,VN,1691700648
535,kargil,34.5667,76.1,289.0,58,22,3.08,IN,1691700649
536,nova xavantina,-14.6667,-52.35,306.4,23,0,2.21,BR,1691700649
537,margate,51.3813,1.3862,291.98,74,41,1.34,GB,1691700649
538,hirado,33.3597,129.5531,297.81,90,25,4.58,JP,1691700649
539,pangody,65.85,74.4859,279.17,83,1,8.59,RU,1691700649
540,whitefish,48.4111,-114.3376,298.01,38,40,6.69,US,1691700649
541,pariaman,-0.619,100.12,296.81,90,86,1.78,ID,1691700649
542,nueva gerona,21.8833,-82.8,305.61,60,35,4.65,CU,1691700649
543,bwizibwera,-0.5917,30.6286,292.92,60,10,0.53,UG,1691700650
544,lata,40.1629,-8.3327,290.3,89,0,1.35,PT,1691700650
545,karachi,24.9056,67.0822,300.05,78,75,6.17,PK,1691700622
546,nagqu,31.5,92.0,279.49,94,100,1.54,CN,1691700650
547,jaen,38.0,-3.5,303.16,18,4,2.22,ES,1691700650
548,posse,-14.0931,-46.3694,299.27,28,60,2.79,BR,1691700650
549,prainha,-1.8,-53.48,305.41,45,23,3.62,BR,1691700425
550,jining,35.405,116.5814,296.14,82,2,1.1,CN,1691700650
551,strezhevoy,60.7333,77.5889,284.77,96,100,4.69,RU,1691700651
552,ugoofaaru,5.6667,73.0,301.38,76,100,7.18,MV,1691700651
553,buloh kasap,2.5536,102.764,296.38,92,11,1.06,MY,1691700651
554,jalalaqsi,3.3766,45.5996,296.83,80,97,7.44,SO,1691700651
555,grand forks,47.9417,-97.4337,292.11,68,75,5.14,US,1691700651
556,prince rupert,54.3161,-130.3201,291.2,83,75,7.72,CA,1691700651
557,tambopata,-12.7333,-69.1833,307.09,52,40,2.06,PE,1691700651
558,concepcion,-36.827,-73.0498,286.04,76,75,6.17,CL,1691700652
559,baotou,40.6522,109.8222,297.85,67,100,0.43,CN,1691700652
560,marinette,45.1,-87.6307,299.18,43,100,2.57,US,1691700652
561,pamandzi,-12.7967,45.2794,298.03,78,0,5.14,YT,1691700652
562,wotho,10.1657,166.0102,300.97,76,22,4.02,MH,1691700652
563,newnham,-41.3833,147.1333,279.99,100,40,4.12,AU,1691700652
564,akureyri,65.6835,-18.0878,282.11,76,40,5.14,IS,1691700652
565,dereli,40.7378,38.4493,297.24,94,27,1.06,TR,1691700653
566,nalut,30.3333,10.85,301.16,23,0,6.81,LY,1691700653
567,camargo,27.6667,-105.1667,309.34,19,90,2.52,MX,1691700653
